0,0,0
0,0.02,0
0,0.04,0
0,0.06,0
0,0.08,0
0,0.1,0
0,0.12,0
0,0.14,0
0,0.16,0
0,0.18,0
0,0.2,0
0,0.22,0
0,0.24,0
0,0.26,0
0,0.28,0
0,0.3,0
0,0.32,0
0,0.34,0
0,0.36,0
0,0.38,0
0,0.4,0
0,0.42,0
0,0.44,0
0,0.46,0
0,0.48,0
0,0.5,0
0,0.52,0
0,0.54,0
0,0.56,0
0,0.58,0
0,0.6,0
0,0.62,0
0,0.64,0
0,0.66,0
0,0.68,0
0,0.7,0
0,0.72,0
0,0.74,0
0,0.76,0
0,0.78,0
0,0.8,0
0,0.82,0
0,0.84,0
0,0.86,0
0,0.88,0
0,0.9,0
0,0.92,0
0,0.94,0
0,0.96,0
0,0.98,0
0,1,0
0.02,0,0
0.02,0.02,-4.50398e-005
0.02,0.04,-8.99996e-005
0.02,0.06,-0.000134799
0.02,0.08,-0.000179358
0.02,0.1,-0.000223594
0.02,0.12,-0.000267425
0.02,0.14,-0.000310768
0.02,0.16,-0.000353538
0.02,0.18,-0.000395647
0.02,0.2,-0.000437008
0.02,0.22,-0.000477528
0.02,0.24,-0.000517116
0.02,0.26,-0.000555676
0.02,0.28,-0.000593107
0.02,0.3,-0.00062931
0.02,0.32,-0.000664178
0.02,0.34,-0.000697603
0.02,0.36,-0.000729472
0.02,0.38,-0.000759669
0.02,0.4,-0.000788074
0.02,0.42,-0.00081456
0.02,0.44,-0.000838999
0.02,0.46,-0.000861256
0.02,0.48,-0.000881192
0.02,0.5,-0.000898661
0.02,0.52,-0.000913515
0.02,0.54,-0.000925598
0.02,0.56,-0.000934749
0.02,0.58,-0.000940802
0.02,0.6,-0.000943586
0.02,0.62,-0.000942922
0.02,0.64,-0.000938628
0.02,0.66,-0.000930514
0.02,0.68,-0.000918387
0.02,0.7,-0.000902045
0.02,0.72,-0.000881283
0.02,0.74,-0.00085589
0.02,0.76,-0.00082565
0.02,0.78,-0.000790341
0.02,0.8,-0.000749738
0.02,0.82,-0.00070361
0.02,0.84,-0.000651723
0.02,0.86,-0.000593837
0.02,0.88,-0.000529711
0.02,0.9,-0.000459099
0.02,0.92,-0.000381753
0.02,0.94,-0.000297424
0.02,0.96,-0.000205858
0.02,0.98,-0.000106801
0.02,1,0
0.04,0,0
0.04,0.02,-8.99996e-005
0.04,0.04,-0.000179839
0.04,0.06,-0.000269359
0.04,0.08,-0.000358398
0.04,0.1,-0.000446793
0.04,0.12,-0.000534379
0.04,0.14,-0.00062099
0.04,0.16,-0.000706456
0.04,0.18,-0.000790603
0.04,0.2,-0.000873255
0.04,0.22,-0.00095423
0.04,0.24,-0.00103334
0.04,0.26,-0.0011104
0.04,0.28,-0.0011852
0.04,0.3,-0.00125755
0.04,0.32,-0.00132724
0.04,0.34,-0.00139404
0.04,0.36,-0.00145774
0.04,0.38,-0.00151809
0.04,0.4,-0.00157487
0.04,0.42,-0.00162781
0.04,0.44,-0.00167666
0.04,0.46,-0.00172115
0.04,0.48,-0.00176101
0.04,0.5,-0.00179594
0.04,0.52,-0.00182564
0.04,0.54,-0.00184981
0.04,0.56,-0.00186812
0.04,0.58,-0.00188023
0.04,0.6,-0.00188582
0.04,0.62,-0.00188452
0.04,0.64,-0.00187596
0.04,0.66,-0.00185976
0.04,0.68,-0.00183555
0.04,0.7,-0.00180291
0.04,0.72,-0.00176144
0.04,0.74,-0.00171071
0.04,0.76,-0.00165029
0.04,0.78,-0.00157974
0.04,0.8,-0.0014986
0.04,0.82,-0.00140642
0.04,0.84,-0.00130272
0.04,0.86,-0.00118703
0.04,0.88,-0.00105887
0.04,0.9,-0.000917732
0.04,0.92,-0.000763131
0.04,0.94,-0.000594564
0.04,0.96,-0.000411525
0.04,0.98,-0.000213507
0.04,1,0
0.06,0,0
0.06,0.02,-0.000134799
0.06,0.04,-0.000269359
0.06,0.06,-0.000403441
0.06,0.08,-0.000536802
0.06,0.1,-0.0006692
0.06,0.12,-0.000800388
0.06,0.14,-0.000930117
0.06,0.16,-0.00105813
0.06,0.18,-0.00118417
0.06,0.2,-0.00130798
0.06,0.22,-0.00142927
0.06,0.24,-0.00154778
0.06,0.26,-0.00166321
0.06,0.28,-0.00177528
0.06,0.3,-0.00188366
0.06,0.32,-0.00198806
0.06,0.34,-0.00208815
0.06,0.36,-0.00218358
0.06,0.38,-0.00227401
0.06,0.4,-0.00235909
0.06,0.42,-0.00243843
0.06,0.44,-0.00251164
0.06,0.46,-0.00257833
0.06,0.48,-0.00263807
0.06,0.5,-0.00269044
0.06,0.52,-0.00273498
0.06,0.54,-0.00277123
0.06,0.56,-0.00279871
0.06,0.58,-0.00281692
0.06,0.6,-0.00282534
0.06,0.62,-0.00282344
0.06,0.64,-0.00281068
0.06,0.66,-0.00278647
0.06,0.68,-0.00275025
0.06,0.7,-0.00270141
0.06,0.72,-0.00263933
0.06,0.74,-0.00256337
0.06,0.76,-0.0024729
0.06,0.78,-0.00236724
0.06,0.8,-0.00224571
0.06,0.82,-0.00210763
0.06,0.84,-0.00195228
0.06,0.86,-0.00177895
0.06,0.88,-0.00158691
0.06,0.9,-0.00137543
0.06,0.92,-0.00114375
0.06,0.94,-0.000891135
0.06,0.96,-0.000616812
0.06,0.98,-0.000320022
0.06,1,0
0.08,0,0
0.08,0.02,-0.000179358
0.08,0.04,-0.000358398
0.08,0.06,-0.000536802
0.08,0.08,-0.000714249
0.08,0.1,-0.000890417
0.08,0.12,-0.00106498
0.08,0.14,-0.0012376
0.08,0.16,-0.00140794
0.08,0.18,-0.00157566
0.08,0.2,-0.00174041
0.08,0.22,-0.00190183
0.08,0.24,-0.00205954
0.08,0.26,-0.00221316
0.08,0.28,-0.0023623
0.08,0.3,-0.00250656
0.08,0.32,-0.00264552
0.08,0.34,-0.00277874
0.08,0.36,-0.00290578
0.08,0.38,-0.00302618
0.08,0.4,-0.00313945
0.08,0.42,-0.00324509
0.08,0.44,-0.00334259
0.08,0.46,-0.00343141
0.08,0.48,-0.003511
0.08,0.5,-0.00358077
0.08,0.52,-0.00364014
0.08,0.54,-0.00368847
0.08,0.56,-0.00372514
0.08,0.58,-0.00374947
0.08,0.6,-0.00376078
0.08,0.62,-0.00375836
0.08,0.64,-0.00374147
0.08,0.66,-0.00370937
0.08,0.68,-0.00366126
0.08,0.7,-0.00359635
0.08,0.72,-0.00351381
0.08,0.74,-0.0034128
0.08,0.76,-0.00329245
0.08,0.78,-0.00315188
0.08,0.8,-0.00299018
0.08,0.82,-0.00280641
0.08,0.84,-0.00259965
0.08,0.86,-0.00236893
0.08,0.88,-0.00211328
0.08,0.9,-0.00183172
0.08,0.92,-0.00152324
0.08,0.94,-0.00118685
0.08,0.96,-0.000821526
0.08,0.98,-0.00042625
0.08,1,0
0.1,0,0
0.1,0.02,-0.000223594
0.1,0.04,-0.000446793
0.1,0.06,-0.0006692
0.1,0.08,-0.000890417
0.1,0.1,-0.00111004
0.1,0.12,-0.00132767
0.1,0.14,-0.00154288
0.1,0.16,-0.00175525
0.1,0.18,-0.00196437
0.1,0.2,-0.00216978
0.1,0.22,-0.00237104
0.1,0.24,-0.0025677
0.1,0.26,-0.00275926
0.1,0.28,-0.00294525
0.1,0.3,-0.00312516
0.1,0.32,-0.00329847
0.1,0.34,-0.00346464
0.1,0.36,-0.00362311
0.1,0.38,-0.00377331
0.1,0.4,-0.00391463
0.1,0.42,-0.00404645
0.1,0.44,-0.00416813
0.1,0.46,-0.004279
0.1,0.48,-0.00437837
0.1,0.5,-0.00446551
0.1,0.52,-0.00453968
0.1,0.54,-0.0046001
0.1,0.56,-0.00464598
0.1,0.58,-0.00467649
0.1,0.6,-0.00469075
0.1,0.62,-0.0046879
0.1,0.64,-0.00466701
0.1,0.66,-0.00462714
0.1,0.68,-0.0045673
0.1,0.7,-0.00448651
0.1,0.72,-0.00438372
0.1,0.74,-0.00425789
0.1,0.76,-0.00410792
0.1,0.78,-0.0039327
0.1,0.8,-0.0037311
0.1,0.82,-0.00350196
0.1,0.84,-0.0032441
0.1,0.86,-0.00295633
0.1,0.88,-0.00263741
0.1,0.9,-0.00228612
0.1,0.92,-0.00190121
0.1,0.94,-0.00148142
0.1,0.96,-0.00102547
0.1,0.98,-0.000532092
0.1,1,0
0.12,0,0
0.12,0.02,-0.000267425
0.12,0.04,-0.000534379
0.12,0.06,-0.000800388
0.12,0.08,-0.00106498
0.12,0.1,-0.00132767
0.12,0.12,-0.00158797
0.12,0.14,-0.00184539
0.12,0.16,-0.00209943
0.12,0.18,-0.00234957
0.12,0.2,-0.0025953
0.12,0.22,-0.00283607
0.12,0.24,-0.00307134
0.12,0.26,-0.00330054
0.12,0.28,-0.00352308
0.12,0.3,-0.00373836
0.12,0.32,-0.00394576
0.12,0.34,-0.00414464
0.12,0.36,-0.00433432
0.12,0.38,-0.00451412
0.12,0.4,-0.00468331
0.12,0.42,-0.00484116
0.12,0.44,-0.00498689
0.12,0.46,-0.0051197
0.12,0.48,-0.00523877
0.12,0.5,-0.00534322
0.12,0.52,-0.00543216
0.12,0.54,-0.00550468
0.12,0.56,-0.0055598
0.12,0.58,-0.00559653
0.12,0.6,-0.00561385
0.12,0.62,-0.00561068
0.12,0.64,-0.00558593
0.12,0.66,-0.00553847
0.12,0.68,-0.00546711
0.12,0.7,-0.00537067
0.12,0.72,-0.00524789
0.12,0.74,-0.00509751
0.12,0.76,-0.00491823
0.12,0.78,-0.0047087
0.12,0.8,-0.00446756
0.12,0.82,-0.00419343
0.12,0.84,-0.00388488
0.12,0.86,-0.00354046
0.12,0.88,-0.00315871
0.12,0.9,-0.00273814
0.12,0.92,-0.00227726
0.12,0.94,-0.00177454
0.12,0.96,-0.00122845
0.12,0.98,-0.000637449
0.12,1,0
0.14,0,0
0.14,0.02,-0.000310768
0.14,0.04,-0.00062099
0.14,0.06,-0.000930117
0.14,0.08,-0.0012376
0.14,0.1,-0.00154288
0.14,0.12,-0.00184539
0.14,0.14,-0.00214456
0.14,0.16,-0.00243981
0.14,0.18,-0.00273055
0.14,0.2,-0.00301617
0.14,0.22,-0.00329605
0.14,0.24,-0.00356954
0.14,0.26,-0.00383599
0.14,0.28,-0.00409473
0.14,0.3,-0.00434505
0.14,0.32,-0.00458622
0.14,0.34,-0.00481751
0.14,0.36,-0.00503813
0.14,0.38,-0.00524728
0.14,0.4,-0.00544414
0.14,0.42,-0.00562782
0.14,0.44,-0.00579744
0.14,0.46,-0.00595207
0.14,0.48,-0.00609073
0.14,0.5,-0.00621243
0.14,0.52,-0.00631612
0.14,0.54,-0.00640073
0.14,0.56,-0.00646513
0.14,0.58,-0.00650816
0.14,0.6,-0.00652863
0.14,0.62,-0.00652528
0.14,0.64,-0.00649685
0.14,0.66,-0.006442
0.14,0.68,-0.00635937
0.14,0.7,-0.00624755
0.14,0.72,-0.0061051
0.14,0.74,-0.00593052
0.14,0.76,-0.0057223
0.14,0.78,-0.00547886
0.14,0.8,-0.00519863
0.14,0.82,-0.00487996
0.14,0.84,-0.00452119
0.14,0.86,-0.00412064
0.14,0.88,-0.00367658
0.14,0.9,-0.00318729
0.14,0.92,-0.00265099
0.14,0.94,-0.0020659
0.14,0.96,-0.00143025
0.14,0.98,-0.000742218
0.14,1,0
0.16,0,0
0.16,0.02,-0.000353538
0.16,0.04,-0.000706456
0.16,0.06,-0.00105813
0.16,0.08,-0.00140794
0.16,0.1,-0.00175525
0.16,0.12,-0.00209943
0.16,0.14,-0.00243981
0.16,0.16,-0.00277576
0.16,0.18,-0.00310658
0.16,0.2,-0.00343159
0.16,0.22,-0.00375009
0.16,0.24,-0.00406134
0.16,0.26,-0.00436461
0.16,0.28,-0.00465912
0.16,0.3,-0.00494407
0.16,0.32,-0.00521865
0.16,0.34,-0.005482
0.16,0.36,-0.00573325
0.16,0.38,-0.00597147
0.16,0.4,-0.00619573
0.16,0.42,-0.00640503
0.16,0.44,-0.00659835
0.16,0.46,-0.00677464
0.16,0.48,-0.00693279
0.16,0.5,-0.00707165
0.16,0.52,-0.00719005
0.16,0.54,-0.00728674
0.16,0.56,-0.00736046
0.16,0.58,-0.00740987
0.16,0.6,-0.00743361
0.16,0.62,-0.00743026
0.16,0.64,-0.00739835
0.16,0.66,-0.00733636
0.16,0.68,-0.00724274
0.16,0.7,-0.00711587
0.16,0.72,-0.00695411
0.16,0.74,-0.00675573
0.16,0.76,-0.00651901
0.16,0.78,-0.00624215
0.16,0.8,-0.00592333
0.16,0.82,-0.00556066
0.16,0.84,-0.00515225
0.16,0.86,-0.00469616
0.16,0.88,-0.00419042
0.16,0.9,-0.00363303
0.16,0.92,-0.00302197
0.16,0.94,-0.00235521
0.16,0.96,-0.00163067
0.16,0.98,-0.000846293
0.16,1,0
0.18,0,0
0.18,0.02,-0.000395647
0.18,0.04,-0.000790603
0.18,0.06,-0.00118417
0.18,0.08,-0.00157566
0.18,0.1,-0.00196437
0.18,0.12,-0.00234957
0.18,0.14,-0.00273055
0.18,0.16,-0.00310658
0.18,0.18,-0.00347689
0.18,0.2,-0.00384072
0.18,0.22,-0.00419728
0.18,0.24,-0.00454577
0.18,0.26,-0.00488534
0.18,0.28,-0.00521514
0.18,0.3,-0.00553427
0.18,0.32,-0.00584183
0.18,0.34,-0.00613685
0.18,0.36,-0.00641835
0.18,0.38,-0.00668531
0.18,0.4,-0.00693668
0.18,0.42,-0.00717133
0.18,0.44,-0.00738814
0.18,0.46,-0.00758591
0.18,0.48,-0.0077634
0.18,0.5,-0.00791934
0.18,0.52,-0.0080524
0.18,0.54,-0.00816118
0.18,0.56,-0.00824426
0.18,0.58,-0.00830014
0.18,0.6,-0.00832729
0.18,0.62,-0.00832411
0.18,0.64,-0.00828895
0.18,0.66,-0.00822012
0.18,0.68,-0.00811583
0.18,0.7,-0.0079743
0.18,0.72,-0.00779364
0.18,0.74,-0.00757194
0.18,0.76,-0.00730723
0.18,0.78,-0.00699749
0.18,0.8,-0.00664066
0.18,0.82,-0.00623463
0.18,0.84,-0.00577724
0.18,0.86,-0.0052663
0.18,0.88,-0.00469959
0.18,0.9,-0.00407485
0.18,0.92,-0.00338979
0.18,0.94,-0.00264211
0.18,0.96,-0.00182949
0.18,0.98,-0.000949565
0.18,1,0
0.2,0,0
0.2,0.02,-0.000437008
0.2,0.04,-0.000873255
0.2,0.06,-0.00130798
0.2,0.08,-0.00174041
0.2,0.1,-0.00216978
0.2,0.12,-0.0025953
0.2,0.14,-0.00301617
0.2,0.16,-0.00343159
0.2,0.18,-0.00384072
0.2,0.2,-0.00424272
0.2,0.22,-0.00463672
0.2,0.24,-0.00502183
0.2,0.26,-0.00539712
0.2,0.28,-0.00576166
0.2,0.3,-0.00611445
0.2,0.32,-0.00645449
0.2,0.34,-0.00678073
0.2,0.36,-0.00709207
0.2,0.38,-0.0073874
0.2,0.4,-0.00766553
0.2,0.42,-0.00792524
0.2,0.44,-0.00816528
0.2,0.46,-0.00838433
0.2,0.48,-0.00858102
0.2,0.5,-0.00875392
0.2,0.52,-0.00890158
0.2,0.54,-0.00902244
0.2,0.56,-0.00911492
0.2,0.58,-0.00917738
0.2,0.6,-0.0092081
0.2,0.62,-0.0092053
0.2,0.64,-0.00916717
0.2,0.66,-0.00909179
0.2,0.68,-0.00897722
0.2,0.7,-0.00882144
0.2,0.72,-0.00862237
0.2,0.74,-0.00837787
0.2,0.76,-0.00808576
0.2,0.78,-0.00774377
0.2,0.8,-0.0073496
0.2,0.82,-0.00690091
0.2,0.84,-0.00639529
0.2,0.86,-0.00583029
0.2,0.88,-0.00520342
0.2,0.9,-0.00451218
0.2,0.92,-0.00375399
0.2,0.94,-0.00292629
0.2,0.96,-0.00202648
0.2,0.98,-0.00105192
0.2,1,0
0.22,0,0
0.22,0.02,-0.000477528
0.22,0.04,-0.00095423
0.22,0.06,-0.00142927
0.22,0.08,-0.00190183
0.22,0.1,-0.00237104
0.22,0.12,-0.00283607
0.22,0.14,-0.00329605
0.22,0.16,-0.00375009
0.22,0.18,-0.00419728
0.22,0.2,-0.00463672
0.22,0.22,-0.00506745
0.22,0.24,-0.0054885
0.22,0.26,-0.00589887
0.22,0.28,-0.00629752
0.22,0.3,-0.00668339
0.22,0.32,-0.00705536
0.22,0.34,-0.0074123
0.22,0.36,-0.00775302
0.22,0.38,-0.00807627
0.22,0.4,-0.00838079
0.22,0.42,-0.00866523
0.22,0.44,-0.00892822
0.22,0.46,-0.00916831
0.22,0.48,-0.00938401
0.22,0.5,-0.00957376
0.22,0.52,-0.00973594
0.22,0.54,-0.00986888
0.22,0.56,-0.00997082
0.22,0.58,-0.01004
0.22,0.6,-0.0100744
0.22,0.62,-0.0100722
0.22,0.64,-0.0100314
0.22,0.66,-0.00994986
0.22,0.68,-0.00982542
0.22,0.7,-0.00965588
0.22,0.72,-0.00943893
0.22,0.74,-0.00917223
0.22,0.76,-0.00885335
0.22,0.78,-0.00847982
0.22,0.8,-0.00804907
0.22,0.82,-0.00755852
0.22,0.84,-0.00700551
0.22,0.86,-0.00638734
0.22,0.88,-0.00570124
0.22,0.9,-0.00494445
0.22,0.92,-0.00411411
0.22,0.94,-0.00320739
0.22,0.96,-0.0022214
0.22,0.98,-0.00115324
0.22,1,0
0.24,0,0
0.24,0.02,-0.000517116
0.24,0.04,-0.00103334
0.24,0.06,-0.00154778
0.24,0.08,-0.00205954
0.24,0.1,-0.0025677
0.24,0.12,-0.00307134
0.24,0.14,-0.00356954
0.24,0.16,-0.00406134
0.24,0.18,-0.00454577
0.24,0.2,-0.00502183
0.24,0.22,-0.0054885
0.24,0.24,-0.00594473
0.24,0.26,-0.00638945
0.24,0.28,-0.00682153
0.24,0.3,-0.00723981
0.24,0.32,-0.00764311
0.24,0.34,-0.00803018
0.24,0.36,-0.00839974
0.24,0.38,-0.00875045
0.24,0.4,-0.00908092
0.24,0.42,-0.00938972
0.24,0.44,-0.00967533
0.24,0.46,-0.00993621
0.24,0.48,-0.0101707
0.24,0.5,-0.0103772
0.24,0.52,-0.0105538
0.24,0.54,-0.0106988
0.24,0.56,-0.0108102
0.24,0.58,-0.0108862
0.24,0.6,-0.0109246
0.24,0.62,-0.0109233
0.24,0.64,-0.0108801
0.24,0.66,-0.0107927
0.24,0.68,-0.0106589
0.24,0.7,-0.0104761
0.24,0.72,-0.0102419
0.24,0.74,-0.00995364
0.24,0.76,-0.00960873
0.24,0.78,-0.00920443
0.24,0.8,-0.00873795
0.24,0.82,-0.00820644
0.24,0.84,-0.00760698
0.24,0.86,-0.00693662
0.24,0.88,-0.00619233
0.24,0.9,-0.00537105
0.24,0.92,-0.00446966
0.24,0.94,-0.00348504
0.24,0.96,-0.00241402
0.24,0.98,-0.00125341
0.24,1,0
0.26,0,0
0.26,0.02,-0.000555676
0.26,0.04,-0.0011104
0.26,0.06,-0.00166321
0.26,0.08,-0.00221316
0.26,0.1,-0.00275926
0.26,0.12,-0.00330054
0.26,0.14,-0.00383599
0.26,0.16,-0.00436461
0.26,0.18,-0.00488534
0.26,0.2,-0.00539712
0.26,0.22,-0.00589887
0.26,0.24,-0.00638945
0.26,0.26,-0.00686771
0.26,0.28,-0.00733244
0.26,0.3,-0.00778242
0.26,0.32,-0.00821636
0.26,0.34,-0.00863293
0.26,0.36,-0.00903075
0.26,0.38,-0.00940838
0.26,0.4,-0.00976434
0.26,0.42,-0.0100971
0.26,0.44,-0.0104049
0.26,0.46,-0.0106863
0.26,0.48,-0.0109394
0.26,0.5,-0.0111624
0.26,0.52,-0.0113534
0.26,0.54,-0.0115104
0.26,0.56,-0.0116314
0.26,0.58,-0.0117143
0.26,0.6,-0.0117568
0.26,0.62,-0.0117566
0.26,0.64,-0.0117115
0.26,0.66,-0.0116188
0.26,0.68,-0.011476
0.26,0.7,-0.0112806
0.26,0.72,-0.0110297
0.26,0.74,-0.0107207
0.26,0.76,-0.0103505
0.26,0.78,-0.00991634
0.26,0.8,-0.00941505
0.26,0.82,-0.00884357
0.26,0.84,-0.00819873
0.26,0.86,-0.00747728
0.26,0.88,-0.00667593
0.26,0.9,-0.00579134
0.26,0.92,-0.00482013
0.26,0.94,-0.00375885
0.26,0.96,-0.00260407
0.26,0.98,-0.00135228
0.26,1,0
0.28,0,0
0.28,0.02,-0.000593107
0.28,0.04,-0.0011852
0.28,0.06,-0.00177528
0.28,0.08,-0.0023623
0.28,0.1,-0.00294525
0.28,0.12,-0.00352308
0.28,0.14,-0.00409473
0.28,0.16,-0.00465912
0.28,0.18,-0.00521514
0.28,0.2,-0.00576166
0.28,0.22,-0.00629752
0.28,0.24,-0.00682153
0.28,0.26,-0.00733244
0.28,0.28,-0.007829
0.28,0.3,-0.00830988
0.28,0.32,-0.00877371
0.28,0.34,-0.00921907
0.28,0.36,-0.00964451
0.28,0.38,-0.0100485
0.28,0.4,-0.0104294
0.28,0.42,-0.0107856
0.28,0.44,-0.0111153
0.28,0.46,-0.0114168
0.28,0.48,-0.0116882
0.28,0.5,-0.0119276
0.28,0.52,-0.0121328
0.28,0.54,-0.0123019
0.28,0.56,-0.0124325
0.28,0.58,-0.0125224
0.28,0.6,-0.0125693
0.28,0.62,-0.0125706
0.28,0.64,-0.0125238
0.28,0.66,-0.0124262
0.28,0.68,-0.0122751
0.28,0.7,-0.0120677
0.28,0.72,-0.0118009
0.28,0.74,-0.0114719
0.28,0.76,-0.0110774
0.28,0.78,-0.0106142
0.28,0.8,-0.0100792
0.28,0.82,-0.0094688
0.28,0.84,-0.00877971
0.28,0.86,-0.00800839
0.28,0.88,-0.00715125
0.28,0.9,-0.00620467
0.28,0.92,-0.00516497
0.28,0.94,-0.00402842
0.28,0.96,-0.00279127
0.28,0.98,-0.00144973
0.28,1,0
0.3,0,0
0.3,0.02,-0.00062931
0.3,0.04,-0.00125755
0.3,0.06,-0.00188366
0.3,0.08,-0.00250656
0.3,0.1,-0.00312516
0.3,0.12,-0.00373836
0.3,0.14,-0.00434505
0.3,0.16,-0.00494407
0.3,0.18,-0.00553427
0.3,0.2,-0.00611445
0.3,0.22,-0.00668339
0.3,0.24,-0.00723981
0.3,0.26,-0.00778242
0.3,0.28,-0.00830988
0.3,0.3,-0.00882078
0.3,0.32,-0.00931367
0.3,0.34,-0.00978707
0.3,0.36,-0.0102394
0.3,0.38,-0.0106691
0.3,0.4,-0.0110743
0.3,0.42,-0.0114535
0.3,0.44,-0.0118047
0.3,0.46,-0.012126
0.3,0.48,-0.0124154
0.3,0.5,-0.0126709
0.3,0.52,-0.0128903
0.3,0.54,-0.0130713
0.3,0.56,-0.0132116
0.3,0.58,-0.0133087
0.3,0.6,-0.0133601
0.3,0.62,-0.0133632
0.3,0.64,-0.0133152
0.3,0.66,-0.0132132
0.3,0.68,-0.0130544
0.3,0.7,-0.0128356
0.3,0.72,-0.0125538
0.3,0.74,-0.0122056
0.3,0.76,-0.0117877
0.3,0.78,-0.0112967
0.3,0.8,-0.0107289
0.3,0.82,-0.0100809
0.3,0.84,-0.00934886
0.3,0.86,-0.00852899
0.3,0.88,-0.00761745
0.3,0.9,-0.00661032
0.3,0.92,-0.00550362
0.3,0.94,-0.00429331
0.3,0.96,-0.00297534
0.3,0.98,-0.00154561
0.3,1,0
0.32,0,0
0.32,0.02,-0.000664178
0.32,0.04,-0.00132724
0.32,0.06,-0.00198806
0.32,0.08,-0.00264552
0.32,0.1,-0.00329847
0.32,0.12,-0.00394576
0.32,0.14,-0.00458622
0.32,0.16,-0.00521865
0.32,0.18,-0.00584183
0.32,0.2,-0.00645449
0.32,0.22,-0.00705536
0.32,0.24,-0.00764311
0.32,0.26,-0.00821636
0.32,0.28,-0.00877371
0.32,0.3,-0.00931367
0.32,0.32,-0.00983474
0.32,0.34,-0.0103353
0.32,0.36,-0.0108138
0.32,0.38,-0.0112684
0.32,0.4,-0.0116974
0.32,0.42,-0.012099
0.32,0.44,-0.0124711
0.32,0.46,-0.0128118
0.32,0.48,-0.0131189
0.32,0.5,-0.0133903
0.32,0.52,-0.0136237
0.32,0.54,-0.0138166
0.32,0.56,-0.0139666
0.32,0.58,-0.014071
0.32,0.6,-0.0141273
0.32,0.62,-0.0141325
0.32,0.64,-0.0140837
0.32,0.66,-0.013978
0.32,0.68,-0.013812
0.32,0.7,-0.0135827
0.32,0.72,-0.0132866
0.32,0.74,-0.0129202
0.32,0.76,-0.01248
0.32,0.78,-0.0119622
0.32,0.8,-0.011363
0.32,0.82,-0.0106786
0.32,0.84,-0.00990501
0.32,0.86,-0.00903806
0.32,0.88,-0.00807365
0.32,0.9,-0.00700755
0.32,0.92,-0.00583546
0.32,0.94,-0.00455307
0.32,0.96,-0.00315597
0.32,0.98,-0.00163976
0.32,1,0
0.34,0,0
0.34,0.02,-0.000697603
0.34,0.04,-0.00139404
0.34,0.06,-0.00208815
0.34,0.08,-0.00277874
0.34,0.1,-0.00346464
0.34,0.12,-0.00414464
0.34,0.14,-0.00481751
0.34,0.16,-0.005482
0.34,0.18,-0.00613685
0.34,0.2,-0.00678073
0.34,0.22,-0.0074123
0.34,0.24,-0.00803018
0.34,0.26,-0.00863293
0.34,0.28,-0.00921907
0.34,0.3,-0.00978707
0.34,0.32,-0.0103353
0.34,0.34,-0.0108622
0.34,0.36,-0.0113659
0.34,0.38,-0.0118448
0.34,0.4,-0.0122968
0.34,0.42,-0.0127201
0.34,0.44,-0.0131126
0.34,0.46,-0.0134722
0.34,0.48,-0.0137967
0.34,0.5,-0.0140838
0.34,0.52,-0.0143309
0.34,0.54,-0.0145357
0.34,0.56,-0.0146954
0.34,0.58,-0.0148074
0.34,0.6,-0.0148687
0.34,0.62,-0.0148764
0.34,0.64,-0.0148273
0.34,0.66,-0.0147183
0.34,0.68,-0.014546
0.34,0.7,-0.014307
0.34,0.72,-0.0139975
0.34,0.74,-0.013614
0.34,0.76,-0.0131525
0.34,0.78,-0.0126092
0.34,0.8,-0.01198
0.34,0.82,-0.0112607
0.34,0.84,-0.010447
0.34,0.86,-0.00953453
0.34,0.88,-0.0085189
0.34,0.9,-0.00739555
0.34,0.92,-0.00615987
0.34,0.94,-0.0048072
0.34,0.96,-0.00333284
0.34,0.98,-0.00173203
0.34,1,0
0.36,0,0
0.36,0.02,-0.000729472
0.36,0.04,-0.00145774
0.36,0.06,-0.00218358
0.36,0.08,-0.00290578
0.36,0.1,-0.00362311
0.36,0.12,-0.00433432
0.36,0.14,-0.00503813
0.36,0.16,-0.00573325
0.36,0.18,-0.00641835
0.36,0.2,-0.00709207
0.36,0.22,-0.00775302
0.36,0.24,-0.00839974
0.36,0.26,-0.00903075
0.36,0.28,-0.00964451
0.36,0.3,-0.0102394
0.36,0.32,-0.0108138
0.36,0.34,-0.0113659
0.36,0.36,-0.011894
0.36,0.38,-0.0123962
0.36,0.4,-0.0128705
0.36,0.42,-0.0133149
0.36,0.44,-0.0137272
0.36,0.46,-0.0141053
0.36,0.48,-0.0144467
0.36,0.5,-0.0147491
0.36,0.52,-0.0150099
0.36,0.54,-0.0152264
0.36,0.56,-0.0153959
0.36,0.58,-0.0155155
0.36,0.6,-0.0155822
0.36,0.62,-0.0155927
0.36,0.64,-0.0155439
0.36,0.66,-0.0154323
0.36,0.68,-0.0152543
0.36,0.7,-0.0150064
0.36,0.72,-0.0146846
0.36,0.74,-0.014285
0.36,0.76,-0.0138036
0.36,0.78,-0.0132361
0.36,0.8,-0.0125782
0.36,0.82,-0.0118255
0.36,0.84,-0.0109734
0.36,0.86,-0.0100172
0.36,0.88,-0.00895219
0.36,0.9,-0.00777347
0.36,0.92,-0.00647614
0.36,0.94,-0.0050552
0.36,0.96,-0.00350559
0.36,0.98,-0.00182223
0.36,1,0
0.38,0,0
0.38,0.02,-0.000759669
0.38,0.04,-0.00151809
0.38,0.06,-0.00227401
0.38,0.08,-0.00302618
0.38,0.1,-0.00377331
0.38,0.12,-0.00451412
0.38,0.14,-0.00524728
0.38,0.16,-0.00597147
0.38,0.18,-0.00668531
0.38,0.2,-0.0073874
0.38,0.22,-0.00807627
0.38,0.24,-0.00875045
0.38,0.26,-0.00940838
0.38,0.28,-0.0100485
0.38,0.3,-0.0106691
0.38,0.32,-0.0112684
0.38,0.34,-0.0118448
0.38,0.36,-0.0123962
0.38,0.38,-0.0129208
0.38,0.4,-0.0134165
0.38,0.42,-0.0138813
0.38,0.44,-0.0143127
0.38,0.46,-0.0147087
0.38,0.48,-0.0150666
0.38,0.5,-0.015384
0.38,0.52,-0.0156582
0.38,0.54,-0.0158864
0.38,0.56,-0.0160657
0.38,0.58,-0.0161931
0.38,0.6,-0.0162653
0.38,0.62,-0.0162791
0.38,0.64,-0.0162311
0.38,0.66,-0.0161175
0.38,0.68,-0.0159347
0.38,0.7,-0.0156788
0.38,0.72,-0.0153458
0.38,0.74,-0.0149314
0.38,0.76,-0.0144313
0.38,0.78,-0.0138411
0.38,0.8,-0.0131561
0.38,0.82,-0.0123717
0.38,0.84,-0.011483
0.38,0.86,-0.0104849
0.38,0.88,-0.00937245
0.38,0.9,-0.00814042
0.38,0.92,-0.00678355
0.38,0.94,-0.00529649
0.38,0.96,-0.00367385
0.38,0.98,-0.00191018
0.38,1,0
0.4,0,0
0.4,0.02,-0.000788074
0.4,0.04,-0.00157487
0.4,0.06,-0.00235909
0.4,0.08,-0.00313945
0.4,0.1,-0.00391463
0.4,0.12,-0.00468331
0.4,0.14,-0.00544414
0.4,0.16,-0.00619573
0.4,0.18,-0.00693668
0.4,0.2,-0.00766553
0.4,0.22,-0.00838079
0.4,0.24,-0.00908092
0.4,0.26,-0.00976434
0.4,0.28,-0.0104294
0.4,0.3,-0.0110743
0.4,0.32,-0.0116974
0.4,0.34,-0.0122968
0.4,0.36,-0.0128705
0.4,0.38,-0.0134165
0.4,0.4,-0.0139328
0.4,0.42,-0.014417
0.4,0.44,-0.0148669
0.4,0.46,-0.0152801
0.4,0.48,-0.0156541
0.4,0.5,-0.0159861
0.4,0.52,-0.0162734
0.4,0.54,-0.0165132
0.4,0.56,-0.0167023
0.4,0.58,-0.0168375
0.4,0.6,-0.0169157
0.4,0.62,-0.0169332
0.4,0.64,-0.0168864
0.4,0.66,-0.0167716
0.4,0.68,-0.0165849
0.4,0.7,-0.016322
0.4,0.72,-0.0159788
0.4,0.74,-0.0155509
0.4,0.76,-0.0150336
0.4,0.78,-0.0144222
0.4,0.8,-0.0137119
0.4,0.82,-0.0128976
0.4,0.84,-0.0119742
0.4,0.86,-0.0109363
0.4,0.88,-0.00977853
0.4,0.9,-0.00849541
0.4,0.92,-0.0070813
0.4,0.94,-0.00553049
0.4,0.96,-0.00383722
0.4,0.98,-0.00199568
0.4,1,0
0.42,0,0
0.42,0.02,-0.00081456
0.42,0.04,-0.00162781
0.42,0.06,-0.00243843
0.42,0.08,-0.00324509
0.42,0.1,-0.00404645
0.42,0.12,-0.00484116
0.42,0.14,-0.00562782
0.42,0.16,-0.00640503
0.42,0.18,-0.00717133
0.42,0.2,-0.00792524
0.42,0.22,-0.00866523
0.42,0.24,-0.00938972
0.42,0.26,-0.0100971
0.42,0.28,-0.0107856
0.42,0.3,-0.0114535
0.42,0.32,-0.012099
0.42,0.34,-0.0127201
0.42,0.36,-0.0133149
0.42,0.38,-0.0138813
0.42,0.4,-0.014417
0.42,0.42,-0.0149199
0.42,0.44,-0.0153875
0.42,0.46,-0.0158173
0.42,0.48,-0.0162067
0.42,0.5,-0.0165529
0.42,0.52,-0.0168531
0.42,0.54,-0.0171042
0.42,0.56,-0.0173031
0.42,0.58,-0.0174464
0.42,0.6,-0.0175307
0.42,0.62,-0.0175523
0.42,0.64,-0.0175074
0.42,0.66,-0.0173922
0.42,0.68,-0.0172023
0.42,0.7,-0.0169336
0.42,0.72,-0.0165815
0.42,0.74,-0.0161413
0.42,0.76,-0.0156084
0.42,0.78,-0.0149775
0.42,0.8,-0.0142436
0.42,0.82,-0.0134014
0.42,0.84,-0.0124454
0.42,0.86,-0.0113699
0.42,0.88,-0.0101692
0.42,0.9,-0.00883739
0.42,0.92,-0.00736854
0.42,0.94,-0.00575655
0.42,0.96,-0.00399527
0.42,0.98,-0.00207851
0.42,1,0
0.44,0,0
0.44,0.02,-0.000838999
0.44,0.04,-0.00167666
0.44,0.06,-0.00251164
0.44,0.08,-0.00334259
0.44,0.1,-0.00416813
0.44,0.12,-0.00498689
0.44,0.14,-0.00579744
0.44,0.16,-0.00659835
0.44,0.18,-0.00738814
0.44,0.2,-0.00816528
0.44,0.22,-0.00892822
0.44,0.24,-0.00967533
0.44,0.26,-0.0104049
0.44,0.28,-0.0111153
0.44,0.3,-0.0118047
0.44,0.32,-0.0124711
0.44,0.34,-0.0131126
0.44,0.36,-0.0137272
0.44,0.38,-0.0143127
0.44,0.4,-0.0148669
0.44,0.42,-0.0153875
0.44,0.44,-0.0158719
0.44,0.46,-0.0163175
0.44,0.48,-0.0167218
0.44,0.5,-0.0170818
0.44,0.52,-0.0173945
0.44,0.54,-0.0176568
0.44,0.56,-0.0178654
0.44,0.58,-0.0180168
0.44,0.6,-0.0181075
0.44,0.62,-0.0181337
0.44,0.64,-0.0180914
0.44,0.66,-0.0179764
0.44,0.68,-0.0177844
0.44,0.7,-0.0175109
0.44,0.72,-0.0171512
0.44,0.74,-0.0167003
0.44,0.76,-0.0161533
0.44,0.78,-0.0155048
0.44,0.8,-0.0147493
0.44,0.82,-0.0138813
0.44,0.84,-0.0128949
0.44,0.86,-0.0117842
0.44,0.88,-0.0105431
0.44,0.9,-0.00916524
0.44,0.92,-0.00764436
0.44,0.94,-0.00597398
0.44,0.96,-0.00414754
0.44,0.98,-0.00215843
0.44,1,0
0.46,0,0
0.46,0.02,-0.000861256
0.46,0.04,-0.00172115
0.46,0.06,-0.00257833
0.46,0.08,-0.00343141
0.46,0.1,-0.004279
0.46,0.12,-0.0051197
0.46,0.14,-0.00595207
0.46,0.16,-0.00677464
0.46,0.18,-0.00758591
0.46,0.2,-0.00838433
0.46,0.22,-0.00916831
0.46,0.24,-0.00993621
0.46,0.26,-0.0106863
0.46,0.28,-0.0114168
0.46,0.3,-0.012126
0.46,0.32,-0.0128118
0.46,0.34,-0.0134722
0.46,0.36,-0.0141053
0.46,0.38,-0.0147087
0.46,0.4,-0.0152801
0.46,0.42,-0.0158173
0.46,0.44,-0.0163175
0.46,0.46,-0.0167783
0.46,0.48,-0.0171967
0.46,0.5,-0.0175699
0.46,0.52,-0.0178947
0.46,0.54,-0.018168
0.46,0.56,-0.0183862
0.46,0.58,-0.0185459
0.46,0.6,-0.0186434
0.46,0.62,-0.0186745
0.46,0.64,-0.0186353
0.46,0.66,-0.0185214
0.46,0.68,-0.0183283
0.46,0.7,-0.0180512
0.46,0.72,-0.0176853
0.46,0.74,-0.0172253
0.46,0.76,-0.016666
0.46,0.78,-0.0160017
0.46,0.8,-0.0152268
0.46,0.82,-0.0143353
0.46,0.84,-0.013321
0.46,0.86,-0.0121776
0.46,0.88,-0.0108988
0.46,0.9,-0.00947773
0.46,0.92,-0.00790777
0.46,0.94,-0.00618202
0.46,0.96,-0.00429351
0.46,0.98,-0.0022352
0.46,1,0
0.48,0,0
0.48,0.02,-0.000881192
0.48,0.04,-0.00176101
0.48,0.06,-0.00263807
0.48,0.08,-0.003511
0.48,0.1,-0.00437837
0.48,0.12,-0.00523877
0.48,0.14,-0.00609073
0.48,0.16,-0.00693279
0.48,0.18,-0.0077634
0.48,0.2,-0.00858102
0.48,0.22,-0.00938401
0.48,0.24,-0.0101707
0.48,0.26,-0.0109394
0.48,0.28,-0.0116882
0.48,0.3,-0.0124154
0.48,0.32,-0.0131189
0.48,0.34,-0.0137967
0.48,0.36,-0.0144467
0.48,0.38,-0.0150666
0.48,0.4,-0.0156541
0.48,0.42,-0.0162067
0.48,0.44,-0.0167218
0.48,0.46,-0.0171967
0.48,0.48,-0.0176286
0.48,0.5,-0.0180143
0.48,0.52,-0.0183508
0.48,0.54,-0.0186348
0.48,0.56,-0.0188626
0.48,0.58,-0.0190307
0.48,0.6,-0.019135
0.48,0.62,-0.0191716
0.48,0.64,-0.0191362
0.48,0.66,-0.0190242
0.48,0.68,-0.018831
0.48,0.7,-0.0185516
0.48,0.72,-0.0181809
0.48,0.74,-0.0177135
0.48,0.76,-0.0171437
0.48,0.78,-0.0164658
0.48,0.8,-0.0156737
0.48,0.82,-0.0147611
0.48,0.84,-0.0137215
0.48,0.86,-0.0125484
0.48,0.88,-0.0112347
0.48,0.9,-0.00977354
0.48,0.92,-0.0081577
0.48,0.94,-0.00637987
0.48,0.96,-0.00443264
0.48,0.98,-0.00230853
0.48,1,0
0.5,0,0
0.5,0.02,-0.000898661
0.5,0.04,-0.00179594
0.5,0.06,-0.00269044
0.5,0.08,-0.00358077
0.5,0.1,-0.00446551
0.5,0.12,-0.00534322
0.5,0.14,-0.00621243
0.5,0.16,-0.00707165
0.5,0.18,-0.00791934
0.5,0.2,-0.00875392
0.5,0.22,-0.00957376
0.5,0.24,-0.0103772
0.5,0.26,-0.0111624
0.5,0.28,-0.0119276
0.5,0.3,-0.0126709
0.5,0.32,-0.0133903
0.5,0.34,-0.0140838
0.5,0.36,-0.0147491
0.5,0.38,-0.015384
0.5,0.4,-0.0159861
0.5,0.42,-0.0165529
0.5,0.44,-0.0170818
0.5,0.46,-0.0175699
0.5,0.48,-0.0180143
0.5,0.5,-0.018412
0.5,0.52,-0.0187597
0.5,0.54,-0.019054
0.5,0.56,-0.0192913
0.5,0.58,-0.0194677
0.5,0.6,-0.0195792
0.5,0.62,-0.0196217
0.5,0.64,-0.0195907
0.5,0.66,-0.0194816
0.5,0.68,-0.0192894
0.5,0.7,-0.019009
0.5,0.72,-0.018635
0.5,0.74,-0.0181619
0.5,0.76,-0.0175837
0.5,0.78,-0.0168943
0.5,0.8,-0.0160874
0.5,0.82,-0.0151564
0.5,0.84,-0.0140944
0.5,0.86,-0.0128944
0.5,0.88,-0.0115492
0.5,0.9,-0.0100512
0.5,0.92,-0.00839296
0.5,0.94,-0.00656662
0.5,0.96,-0.00456434
0.5,0.98,-0.00237814
0.5,1,0
0.52,0,0
0.52,0.02,-0.000913515
0.52,0.04,-0.00182564
0.52,0.06,-0.00273498
0.52,0.08,-0.00364014
0.52,0.1,-0.00453968
0.52,0.12,-0.00543216
0.52,0.14,-0.00631612
0.52,0.16,-0.00719005
0.52,0.18,-0.0080524
0.52,0.2,-0.00890158
0.52,0.22,-0.00973594
0.52,0.24,-0.0105538
0.52,0.26,-0.0113534
0.52,0.28,-0.0121328
0.52,0.3,-0.0128903
0.52,0.32,-0.0136237
0.52,0.34,-0.0143309
0.52,0.36,-0.0150099
0.52,0.38,-0.0156582
0.52,0.4,-0.0162734
0.52,0.42,-0.0168531
0.52,0.44,-0.0173945
0.52,0.46,-0.0178947
0.52,0.48,-0.0183508
0.52,0.5,-0.0187597
0.52,0.52,-0.0191181
0.52,0.54,-0.0194223
0.52,0.56,-0.0196688
0.52,0.58,-0.0198535
0.52,0.6,-0.0199725
0.52,0.62,-0.0200213
0.52,0.64,-0.0199954
0.52,0.66,-0.01989
0.52,0.68,-0.0196999
0.52,0.7,-0.0194199
0.52,0.72,-0.0190443
0.52,0.74,-0.0185673
0.52,0.76,-0.0179828
0.52,0.78,-0.0172844
0.52,0.8,-0.0164653
0.52,0.82,-0.0155187
0.52,0.84,-0.0144373
0.52,0.86,-0.0132138
0.52,0.88,-0.0118404
0.52,0.9,-0.0103092
0.52,0.92,-0.0086123
0.52,0.94,-0.00674132
0.52,0.96,-0.00468794
0.52,0.98,-0.00244368
0.52,1,0
0.54,0,0
0.54,0.02,-0.000925598
0.54,0.04,-0.00184981
0.54,0.06,-0.00277123
0.54,0.08,-0.00368847
0.54,0.1,-0.0046001
0.54,0.12,-0.00550468
0.54,0.14,-0.00640073
0.54,0.16,-0.00728674
0.54,0.18,-0.00816118
0.54,0.2,-0.00902244
0.54,0.22,-0.00986888
0.54,0.24,-0.0106988
0.54,0.26,-0.0115104
0.54,0.28,-0.0123019
0.54,0.3,-0.0130713
0.54,0.32,-0.0138166
0.54,0.34,-0.0145357
0.54,0.36,-0.0152264
0.54,0.38,-0.0158864
0.54,0.4,-0.0165132
0.54,0.42,-0.0171042
0.54,0.44,-0.0176568
0.54,0.46,-0.018168
0.54,0.48,-0.0186348
0.54,0.5,-0.019054
0.54,0.52,-0.0194223
0.54,0.54,-0.019736
0.54,0.56,-0.0199915
0.54,0.58,-0.0201846
0.54,0.6,-0.0203111
0.54,0.62,-0.0203667
0.54,0.64,-0.0203465
0.54,0.66,-0.0202457
0.54,0.68,-0.0200589
0.54,0.7,-0.0197807
0.54,0.72,-0.0194052
0.54,0.74,-0.0189264
0.54,0.76,-0.0183378
0.54,0.78,-0.0176328
0.54,0.8,-0.0168044
0.54,0.82,-0.0158452
0.54,0.84,-0.0147477
0.54,0.86,-0.0135041
0.54,0.88,-0.0121063
0.54,0.9,-0.0105459
0.54,0.92,-0.00881432
0.54,0.94,-0.00690291
0.54,0.96,-0.00480275
0.54,0.98,-0.00250481
0.54,1,0
0.56,0,0
0.56,0.02,-0.000934749
0.56,0.04,-0.00186812
0.56,0.06,-0.00279871
0.56,0.08,-0.00372514
0.56,0.1,-0.00464598
0.56,0.12,-0.0055598
0.56,0.14,-0.00646513
0.56,0.16,-0.00736046
0.56,0.18,-0.00824426
0.56,0.2,-0.00911492
0.56,0.22,-0.00997082
0.56,0.24,-0.0108102
0.56,0.26,-0.0116314
0.56,0.28,-0.0124325
0.56,0.3,-0.0132116
0.56,0.32,-0.0139666
0.56,0.34,-0.0146954
0.56,0.36,-0.0153959
0.56,0.38,-0.0160657
0.56,0.4,-0.0167023
0.56,0.42,-0.0173031
0.56,0.44,-0.0178654
0.56,0.46,-0.0183862
0.56,0.48,-0.0188626
0.56,0.5,-0.0192913
0.56,0.52,-0.0196688
0.56,0.54,-0.0199915
0.56,0.56,-0.0202555
0.56,0.58,-0.0204569
0.56,0.6,-0.0205912
0.56,0.62,-0.0206538
0.56,0.64,-0.0206401
0.56,0.66,-0.0205448
0.56,0.68,-0.0203625
0.56,0.7,-0.0200876
0.56,0.72,-0.019714
0.56,0.74,-0.0192354
0.56,0.76,-0.0186451
0.56,0.78,-0.0179362
0.56,0.8,-0.0171013
0.56,0.82,-0.0161328
0.56,0.84,-0.0150228
0.56,0.86,-0.0137629
0.56,0.88,-0.0123446
0.56,0.9,-0.0107592
0.56,0.92,-0.00899748
0.56,0.94,-0.00705022
0.56,0.96,-0.00490796
0.56,0.98,-0.00256112
0.56,1,0
0.58,0,0
0.58,0.02,-0.000940802
0.58,0.04,-0.00188023
0.58,0.06,-0.00281692
0.58,0.08,-0.00374947
0.58,0.1,-0.00467649
0.58,0.12,-0.00559653
0.58,0.14,-0.00650816
0.58,0.16,-0.00740987
0.58,0.18,-0.00830014
0.58,0.2,-0.00917738
0.58,0.22,-0.01004
0.58,0.24,-0.0108862
0.58,0.26,-0.0117143
0.58,0.28,-0.0125224
0.58,0.3,-0.0133087
0.58,0.32,-0.014071
0.58,0.34,-0.0148074
0.58,0.36,-0.0155155
0.58,0.38,-0.0161931
0.58,0.4,-0.0168375
0.58,0.42,-0.0174464
0.58,0.44,-0.0180168
0.58,0.46,-0.0185459
0.58,0.48,-0.0190307
0.58,0.5,-0.0194677
0.58,0.52,-0.0198535
0.58,0.54,-0.0201846
0.58,0.56,-0.0204569
0.58,0.58,-0.0206663
0.58,0.6,-0.0208084
0.58,0.62,-0.0208786
0.58,0.64,-0.0208719
0.58,0.66,-0.020783
0.58,0.68,-0.0206065
0.58,0.7,-0.0203364
0.58,0.72,-0.0199665
0.58,0.74,-0.0194903
0.58,0.76,-0.0189008
0.58,0.78,-0.0181908
0.58,0.8,-0.0173527
0.58,0.82,-0.0163783
0.58,0.84,-0.0152595
0.58,0.86,-0.0139874
0.58,0.88,-0.0125531
0.58,0.9,-0.0109472
0.58,0.92,-0.0091601
0.58,0.94,-0.00718197
0.58,0.96,-0.00500273
0.58,0.98,-0.00261218
0.58,1,0
0.6,0,0
0.6,0.02,-0.000943586
0.6,0.04,-0.00188582
0.6,0.06,-0.00282534
0.6,0.08,-0.00376078
0.6,0.1,-0.00469075
0.6,0.12,-0.00561385
0.6,0.14,-0.00652863
0.6,0.16,-0.00743361
0.6,0.18,-0.00832729
0.6,0.2,-0.0092081
0.6,0.22,-0.0100744
0.6,0.24,-0.0109246
0.6,0.26,-0.0117568
0.6,0.28,-0.0125693
0.6,0.3,-0.0133601
0.6,0.32,-0.0141273
0.6,0.34,-0.0148687
0.6,0.36,-0.0155822
0.6,0.38,-0.0162653
0.6,0.4,-0.0169157
0.6,0.42,-0.0175307
0.6,0.44,-0.0181075
0.6,0.46,-0.0186434
0.6,0.48,-0.019135
0.6,0.5,-0.0195792
0.6,0.52,-0.0199725
0.6,0.54,-0.0203111
0.6,0.56,-0.0205912
0.6,0.58,-0.0208084
0.6,0.6,-0.0209584
0.6,0.62,-0.0210363
0.6,0.64,-0.0210373
0.6,0.66,-0.0209558
0.6,0.68,-0.0207862
0.6,0.7,-0.0205225
0.6,0.72,-0.0201583
0.6,0.74,-0.0196868
0.6,0.76,-0.0191007
0.6,0.78,-0.0183927
0.6,0.8,-0.0175546
0.6,0.82,-0.0165781
0.6,0.84,-0.0154546
0.6,0.86,-0.0141747
0.6,0.88,-0.012729
0.6,0.9,-0.0111076
0.6,0.92,-0.00930034
0.6,0.94,-0.00729673
0.6,0.96,-0.00508608
0.6,0.98,-0.00265751
0.6,1,0
0.62,0,0
0.62,0.02,-0.000942922
0.62,0.04,-0.00188452
0.62,0.06,-0.00282344
0.62,0.08,-0.00375836
0.62,0.1,-0.0046879
0.62,0.12,-0.00561068
0.62,0.14,-0.00652528
0.62,0.16,-0.00743026
0.62,0.18,-0.00832411
0.62,0.2,-0.0092053
0.62,0.22,-0.0100722
0.62,0.24,-0.0109233
0.62,0.26,-0.0117566
0.62,0.28,-0.0125706
0.62,0.3,-0.0133632
0.62,0.32,-0.0141325
0.62,0.34,-0.0148764
0.62,0.36,-0.0155927
0.62,0.38,-0.0162791
0.62,0.4,-0.0169332
0.62,0.42,-0.0175523
0.62,0.44,-0.0181337
0.62,0.46,-0.0186745
0.62,0.48,-0.0191716
0.62,0.5,-0.0196217
0.62,0.52,-0.0200213
0.62,0.54,-0.0203667
0.62,0.56,-0.0206538
0.62,0.58,-0.0208786
0.62,0.6,-0.0210363
0.62,0.62,-0.0211223
0.62,0.64,-0.0211315
0.62,0.66,-0.0210583
0.62,0.68,-0.0208969
0.62,0.7,-0.0206412
0.62,0.72,-0.0202846
0.62,0.74,-0.0198201
0.62,0.76,-0.0192403
0.62,0.78,-0.0185373
0.62,0.8,-0.0177029
0.62,0.82,-0.0167283
0.62,0.84,-0.0156043
0.62,0.86,-0.0143213
0.62,0.88,-0.0128693
0.62,0.9,-0.0112379
0.62,0.92,-0.00941611
0.62,0.94,-0.00739294
0.62,0.96,-0.00515697
0.62,0.98,-0.00269657
0.62,1,0
0.64,0,0
0.64,0.02,-0.000938628
0.64,0.04,-0.00187596
0.64,0.06,-0.00281068
0.64,0.08,-0.00374147
0.64,0.1,-0.00466701
0.64,0.12,-0.00558593
0.64,0.14,-0.00649685
0.64,0.16,-0.00739835
0.64,0.18,-0.00828895
0.64,0.2,-0.00916717
0.64,0.22,-0.0100314
0.64,0.24,-0.0108801
0.64,0.26,-0.0117115
0.64,0.28,-0.0125238
0.64,0.3,-0.0133152
0.64,0.32,-0.0140837
0.64,0.34,-0.0148273
0.64,0.36,-0.0155439
0.64,0.38,-0.0162311
0.64,0.4,-0.0168864
0.64,0.42,-0.0175074
0.64,0.44,-0.0180914
0.64,0.46,-0.0186353
0.64,0.48,-0.0191362
0.64,0.5,-0.0195907
0.64,0.52,-0.0199954
0.64,0.54,-0.0203465
0.64,0.56,-0.0206401
0.64,0.58,-0.0208719
0.64,0.6,-0.0210373
0.64,0.62,-0.0211315
0.64,0.64,-0.0211493
0.64,0.66,-0.0210852
0.64,0.68,-0.0209333
0.64,0.7,-0.0206872
0.64,0.72,-0.0203403
0.64,0.74,-0.0198853
0.64,0.76,-0.0193145
0.64,0.78,-0.01862
0.64,0.8,-0.017793
0.64,0.82,-0.0168244
0.64,0.84,-0.0157047
0.64,0.86,-0.0144238
0.64,0.88,-0.0129709
0.64,0.9,-0.0113352
0.64,0.92,-0.00950514
0.64,0.94,-0.00746884
0.64,0.96,-0.00521419
0.64,0.98,-0.00272876
0.64,1,0
0.66,0,0
0.66,0.02,-0.000930514
0.66,0.04,-0.00185976
0.66,0.06,-0.00278647
0.66,0.08,-0.00370937
0.66,0.1,-0.00462714
0.66,0.12,-0.00553847
0.66,0.14,-0.006442
0.66,0.16,-0.00733636
0.66,0.18,-0.00822012
0.66,0.2,-0.00909179
0.66,0.22,-0.00994986
0.66,0.24,-0.0107927
0.66,0.26,-0.0116188
0.66,0.28,-0.0124262
0.66,0.3,-0.0132132
0.66,0.32,-0.013978
0.66,0.34,-0.0147183
0.66,0.36,-0.0154323
0.66,0.38,-0.0161175
0.66,0.4,-0.0167716
0.66,0.42,-0.0173922
0.66,0.44,-0.0179764
0.66,0.46,-0.0185214
0.66,0.48,-0.0190242
0.66,0.5,-0.0194816
0.66,0.52,-0.01989
0.66,0.54,-0.0202457
0.66,0.56,-0.0205448
0.66,0.58,-0.020783
0.66,0.6,-0.0209558
0.66,0.62,-0.0210583
0.66,0.64,-0.0210852
0.66,0.66,-0.0210311
0.66,0.68,-0.0208898
0.66,0.7,-0.0206549
0.66,0.72,-0.0203197
0.66,0.74,-0.0198767
0.66,0.76,-0.019318
0.66,0.78,-0.0186354
0.66,0.8,-0.0178198
0.66,0.82,-0.0168618
0.66,0.84,-0.0157514
0.66,0.86,-0.0144779
0.66,0.88,-0.0130302
0.66,0.9,-0.0113965
0.66,0.92,-0.00956485
0.66,0.94,-0.00752247
0.66,0.96,-0.00525641
0.66,0.98,-0.00275342
0.66,1,0
0.68,0,0
0.68,0.02,-0.000918387
0.68,0.04,-0.00183555
0.68,0.06,-0.00275025
0.68,0.08,-0.00366126
0.68,0.1,-0.0045673
0.68,0.12,-0.00546711
0.68,0.14,-0.00635937
0.68,0.16,-0.00724274
0.68,0.18,-0.00811583
0.68,0.2,-0.00897722
0.68,0.22,-0.00982542
0.68,0.24,-0.0106589
0.68,0.26,-0.011476
0.68,0.28,-0.0122751
0.68,0.3,-0.0130544
0.68,0.32,-0.013812
0.68,0.34,-0.014546
0.68,0.36,-0.0152543
0.68,0.38,-0.0159347
0.68,0.4,-0.0165849
0.68,0.42,-0.0172023
0.68,0.44,-0.0177844
0.68,0.46,-0.0183283
0.68,0.48,-0.018831
0.68,0.5,-0.0192894
0.68,0.52,-0.0196999
0.68,0.54,-0.0200589
0.68,0.56,-0.0203625
0.68,0.58,-0.0206065
0.68,0.6,-0.0207862
0.68,0.62,-0.0208969
0.68,0.64,-0.0209333
0.68,0.66,-0.0208898
0.68,0.68,-0.0207602
0.68,0.7,-0.0205382
0.68,0.72,-0.0202168
0.68,0.74,-0.0197883
0.68,0.76,-0.0192449
0.68,0.78,-0.0185778
0.68,0.8,-0.0177778
0.68,0.82,-0.0168352
0.68,0.84,-0.0157393
0.68,0.86,-0.0144792
0.68,0.88,-0.013043
0.68,0.9,-0.0114183
0.68,0.92,-0.00959237
0.68,0.94,-0.0075516
0.68,0.96,-0.00528215
0.68,0.98,-0.00276977
0.68,1,0
0.7,0,0
0.7,0.02,-0.000902045
0.7,0.04,-0.00180291
0.7,0.06,-0.00270141
0.7,0.08,-0.00359635
0.7,0.1,-0.00448651
0.7,0.12,-0.00537067
0.7,0.14,-0.00624755
0.7,0.16,-0.00711587
0.7,0.18,-0.0079743
0.7,0.2,-0.00882144
0.7,0.22,-0.00965588
0.7,0.24,-0.0104761
0.7,0.26,-0.0112806
0.7,0.28,-0.0120677
0.7,0.3,-0.0128356
0.7,0.32,-0.0135827
0.7,0.34,-0.014307
0.7,0.36,-0.0150064
0.7,0.38,-0.0156788
0.7,0.4,-0.016322
0.7,0.42,-0.0169336
0.7,0.44,-0.0175109
0.7,0.46,-0.0180512
0.7,0.48,-0.0185516
0.7,0.5,-0.019009
0.7,0.52,-0.0194199
0.7,0.54,-0.0197807
0.7,0.56,-0.0200876
0.7,0.58,-0.0203364
0.7,0.6,-0.0205225
0.7,0.62,-0.0206412
0.7,0.64,-0.0206872
0.7,0.66,-0.0206549
0.7,0.68,-0.0205382
0.7,0.7,-0.0203306
0.7,0.72,-0.020025
0.7,0.74,-0.0196137
0.7,0.76,-0.0190887
0.7,0.78,-0.0184409
0.7,0.8,-0.017661
0.7,0.82,-0.0167387
0.7,0.84,-0.0156631
0.7,0.86,-0.0144226
0.7,0.88,-0.0130048
0.7,0.9,-0.0113967
0.7,0.92,-0.00958445
0.7,0.94,-0.00755374
0.7,0.96,-0.00528968
0.7,0.98,-0.00277696
0.7,1,0
0.72,0,0
0.72,0.02,-0.000881283
0.72,0.04,-0.00176144
0.72,0.06,-0.00263933
0.72,0.08,-0.00351381
0.72,0.1,-0.00438372
0.72,0.12,-0.00524789
0.72,0.14,-0.0061051
0.72,0.16,-0.00695411
0.72,0.18,-0.00779364
0.72,0.2,-0.00862237
0.72,0.22,-0.00943893
0.72,0.24,-0.0102419
0.72,0.26,-0.0110297
0.72,0.28,-0.0118009
0.72,0.3,-0.0125538
0.72,0.32,-0.0132866
0.72,0.34,-0.0139975
0.72,0.36,-0.0146846
0.72,0.38,-0.0153458
0.72,0.4,-0.0159788
0.72,0.42,-0.0165815
0.72,0.44,-0.0171512
0.72,0.46,-0.0176853
0.72,0.48,-0.0181809
0.72,0.5,-0.018635
0.72,0.52,-0.0190443
0.72,0.54,-0.0194052
0.72,0.56,-0.019714
0.72,0.58,-0.0199665
0.72,0.6,-0.0201583
0.72,0.62,-0.0202846
0.72,0.64,-0.0203403
0.72,0.66,-0.0203197
0.72,0.68,-0.0202168
0.72,0.7,-0.020025
0.72,0.72,-0.0197372
0.72,0.74,-0.0193458
0.72,0.76,-0.0188423
0.72,0.78,-0.0182178
0.72,0.8,-0.0174625
0.72,0.82,-0.0165659
0.72,0.84,-0.0155166
0.72,0.86,-0.0143025
0.72,0.88,-0.0129107
0.72,0.9,-0.0113272
0.72,0.92,-0.00953739
0.72,0.94,-0.00752602
0.72,0.96,-0.00527706
0.72,0.98,-0.00277401
0.72,1,0
0.74,0,0
0.74,0.02,-0.00085589
0.74,0.04,-0.00171071
0.74,0.06,-0.00256337
0.74,0.08,-0.0034128
0.74,0.1,-0.00425789
0.74,0.12,-0.00509751
0.74,0.14,-0.00593052
0.74,0.16,-0.00675573
0.74,0.18,-0.00757194
0.74,0.2,-0.00837787
0.74,0.22,-0.00917223
0.74,0.24,-0.00995364
0.74,0.26,-0.0107207
0.74,0.28,-0.0114719
0.74,0.3,-0.0122056
0.74,0.32,-0.0129202
0.74,0.34,-0.013614
0.74,0.36,-0.014285
0.74,0.38,-0.0149314
0.74,0.4,-0.0155509
0.74,0.42,-0.0161413
0.74,0.44,-0.0167003
0.74,0.46,-0.0172253
0.74,0.48,-0.0177135
0.74,0.5,-0.0181619
0.74,0.52,-0.0185673
0.74,0.54,-0.0189264
0.74,0.56,-0.0192354
0.74,0.58,-0.0194903
0.74,0.6,-0.0196868
0.74,0.62,-0.0198201
0.74,0.64,-0.0198853
0.74,0.66,-0.0198767
0.74,0.68,-0.0197883
0.74,0.7,-0.0196137
0.74,0.72,-0.0193458
0.74,0.74,-0.0189767
0.74,0.76,-0.0184981
0.74,0.78,-0.0179009
0.74,0.8,-0.0171749
0.74,0.82,-0.0163096
0.74,0.84,-0.015293
0.74,0.86,-0.0141126
0.74,0.88,-0.0127547
0.74,0.9,-0.0112047
0.74,0.92,-0.00944697
0.74,0.94,-0.00746517
0.74,0.96,-0.00524205
0.74,0.98,-0.00275976
0.74,1,0
0.76,0,0
0.76,0.02,-0.00082565
0.76,0.04,-0.00165029
0.76,0.06,-0.0024729
0.76,0.08,-0.00329245
0.76,0.1,-0.00410792
0.76,0.12,-0.00491823
0.76,0.14,-0.0057223
0.76,0.16,-0.00651901
0.76,0.18,-0.00730723
0.76,0.2,-0.00808576
0.76,0.22,-0.00885335
0.76,0.24,-0.00960873
0.76,0.26,-0.0103505
0.76,0.28,-0.0110774
0.76,0.3,-0.0117877
0.76,0.32,-0.01248
0.76,0.34,-0.0131525
0.76,0.36,-0.0138036
0.76,0.38,-0.0144313
0.76,0.4,-0.0150336
0.76,0.42,-0.0156084
0.76,0.44,-0.0161533
0.76,0.46,-0.016666
0.76,0.48,-0.0171437
0.76,0.5,-0.0175837
0.76,0.52,-0.0179828
0.76,0.54,-0.0183378
0.76,0.56,-0.0186451
0.76,0.58,-0.0189008
0.76,0.6,-0.0191007
0.76,0.62,-0.0192403
0.76,0.64,-0.0193145
0.76,0.66,-0.019318
0.76,0.68,-0.0192449
0.76,0.7,-0.0190887
0.76,0.72,-0.0188423
0.76,0.74,-0.0184981
0.76,0.76,-0.0180477
0.76,0.78,-0.0174817
0.76,0.8,-0.01679
0.76,0.82,-0.0159617
0.76,0.84,-0.0149846
0.76,0.86,-0.0138456
0.76,0.88,-0.0125303
0.76,0.9,-0.0110234
0.76,0.92,-0.00930833
0.76,0.94,-0.00736741
0.76,0.96,-0.00518206
0.76,0.98,-0.00273291
0.76,1,0
0.78,0,0
0.78,0.02,-0.000790341
0.78,0.04,-0.00157974
0.78,0.06,-0.00236724
0.78,0.08,-0.00315188
0.78,0.1,-0.0039327
0.78,0.12,-0.0047087
0.78,0.14,-0.00547886
0.78,0.16,-0.00624215
0.78,0.18,-0.00699749
0.78,0.2,-0.00774377
0.78,0.22,-0.00847982
0.78,0.24,-0.00920443
0.78,0.26,-0.00991634
0.78,0.28,-0.0106142
0.78,0.3,-0.0112967
0.78,0.32,-0.0119622
0.78,0.34,-0.0126092
0.78,0.36,-0.0132361
0.78,0.38,-0.0138411
0.78,0.4,-0.0144222
0.78,0.42,-0.0149775
0.78,0.44,-0.0155048
0.78,0.46,-0.0160017
0.78,0.48,-0.0164658
0.78,0.5,-0.0168943
0.78,0.52,-0.0172844
0.78,0.54,-0.0176328
0.78,0.56,-0.0179362
0.78,0.58,-0.0181908
0.78,0.6,-0.0183927
0.78,0.62,-0.0185373
0.78,0.64,-0.01862
0.78,0.66,-0.0186354
0.78,0.68,-0.0185778
0.78,0.7,-0.0184409
0.78,0.72,-0.0182178
0.78,0.74,-0.0179009
0.78,0.76,-0.0174817
0.78,0.78,-0.016951
0.78,0.8,-0.0162986
0.78,0.82,-0.0155134
0.78,0.84,-0.0145828
0.78,0.86,-0.0134934
0.78,0.88,-0.0122301
0.78,0.9,-0.0107768
0.78,0.92,-0.00911585
0.78,0.94,-0.0072283
0.78,0.96,-0.00509403
0.78,0.98,-0.00269189
0.78,1,0
0.8,0,0
0.8,0.02,-0.000749738
0.8,0.04,-0.0014986
0.8,0.06,-0.00224571
0.8,0.08,-0.00299018
0.8,0.1,-0.0037311
0.8,0.12,-0.00446756
0.8,0.14,-0.00519863
0.8,0.16,-0.00592333
0.8,0.18,-0.00664066
0.8,0.2,-0.0073496
0.8,0.22,-0.00804907
0.8,0.24,-0.00873795
0.8,0.26,-0.00941505
0.8,0.28,-0.0100792
0.8,0.3,-0.0107289
0.8,0.32,-0.011363
0.8,0.34,-0.01198
0.8,0.36,-0.0125782
0.8,0.38,-0.0131561
0.8,0.4,-0.0137119
0.8,0.42,-0.0142436
0.8,0.44,-0.0147493
0.8,0.46,-0.0152268
0.8,0.48,-0.0156737
0.8,0.5,-0.0160874
0.8,0.52,-0.0164653
0.8,0.54,-0.0168044
0.8,0.56,-0.0171013
0.8,0.58,-0.0173527
0.8,0.6,-0.0175546
0.8,0.62,-0.0177029
0.8,0.64,-0.017793
0.8,0.66,-0.0178198
0.8,0.68,-0.0177778
0.8,0.7,-0.017661
0.8,0.72,-0.0174625
0.8,0.74,-0.0171749
0.8,0.76,-0.01679
0.8,0.78,-0.0162986
0.8,0.8,-0.0156906
0.8,0.82,-0.0149545
0.8,0.84,-0.0140778
0.8,0.86,-0.0130466
0.8,0.88,-0.0118454
0.8,0.9,-0.010457
0.8,0.92,-0.00886292
0.8,0.94,-0.00704265
0.8,0.96,-0.00497435
0.8,0.98,-0.00263485
0.8,1,0
0.82,0,0
0.82,0.02,-0.00070361
0.82,0.04,-0.00140642
0.82,0.06,-0.00210763
0.82,0.08,-0.00280641
0.82,0.1,-0.00350196
0.82,0.12,-0.00419343
0.82,0.14,-0.00487996
0.82,0.16,-0.00556066
0.82,0.18,-0.00623463
0.82,0.2,-0.00690091
0.82,0.22,-0.00755852
0.82,0.24,-0.00820644
0.82,0.26,-0.00884357
0.82,0.28,-0.0094688
0.82,0.3,-0.0100809
0.82,0.32,-0.0106786
0.82,0.34,-0.0112607
0.82,0.36,-0.0118255
0.82,0.38,-0.0123717
0.82,0.4,-0.0128976
0.82,0.42,-0.0134014
0.82,0.44,-0.0138813
0.82,0.46,-0.0143353
0.82,0.48,-0.0147611
0.82,0.5,-0.0151564
0.82,0.52,-0.0155187
0.82,0.54,-0.0158452
0.82,0.56,-0.0161328
0.82,0.58,-0.0163783
0.82,0.6,-0.0165781
0.82,0.62,-0.0167283
0.82,0.64,-0.0168244
0.82,0.66,-0.0168618
0.82,0.68,-0.0168352
0.82,0.7,-0.0167387
0.82,0.72,-0.0165659
0.82,0.74,-0.0163096
0.82,0.76,-0.0159617
0.82,0.78,-0.0155134
0.82,0.8,-0.0149545
0.82,0.82,-0.0142737
0.82,0.84,-0.0134585
0.82,0.86,-0.0124946
0.82,0.88,-0.0113661
0.82,0.9,-0.0100551
0.82,0.92,-0.00854174
0.82,0.94,-0.00680421
0.82,0.96,-0.00481867
0.82,0.98,-0.00255955
0.82,1,0
0.84,0,0
0.84,0.02,-0.000651723
0.84,0.04,-0.00130272
0.84,0.06,-0.00195228
0.84,0.08,-0.00259965
0.84,0.1,-0.0032441
0.84,0.12,-0.00388488
0.84,0.14,-0.00452119
0.84,0.16,-0.00515225
0.84,0.18,-0.00577724
0.84,0.2,-0.00639529
0.84,0.22,-0.00700551
0.84,0.24,-0.00760698
0.84,0.26,-0.00819873
0.84,0.28,-0.00877971
0.84,0.3,-0.00934886
0.84,0.32,-0.00990501
0.84,0.34,-0.010447
0.84,0.36,-0.0109734
0.84,0.38,-0.011483
0.84,0.4,-0.0119742
0.84,0.42,-0.0124454
0.84,0.44,-0.0128949
0.84,0.46,-0.013321
0.84,0.48,-0.0137215
0.84,0.5,-0.0140944
0.84,0.52,-0.0144373
0.84,0.54,-0.0147477
0.84,0.56,-0.0150228
0.84,0.58,-0.0152595
0.84,0.6,-0.0154546
0.84,0.62,-0.0156043
0.84,0.64,-0.0157047
0.84,0.66,-0.0157514
0.84,0.68,-0.0157393
0.84,0.7,-0.0156631
0.84,0.72,-0.0155166
0.84,0.74,-0.015293
0.84,0.76,-0.0149846
0.84,0.78,-0.0145828
0.84,0.8,-0.0140778
0.84,0.82,-0.0134585
0.84,0.84,-0.0127125
0.84,0.86,-0.0118253
0.84,0.88,-0.0107807
0.84,0.9,-0.00956023
0.84,0.92,-0.00814298
0.84,0.94,-0.00650548
0.84,0.96,-0.00462169
0.84,0.98,-0.00246325
0.84,1,0
0.86,0,0
0.86,0.02,-0.000593837
0.86,0.04,-0.00118703
0.86,0.06,-0.00177895
0.86,0.08,-0.00236893
0.86,0.1,-0.00295633
0.86,0.12,-0.00354046
0.86,0.14,-0.00412064
0.86,0.16,-0.00469616
0.86,0.18,-0.0052663
0.86,0.2,-0.00583029
0.86,0.22,-0.00638734
0.86,0.24,-0.00693662
0.86,0.26,-0.00747728
0.86,0.28,-0.00800839
0.86,0.3,-0.00852899
0.86,0.32,-0.00903806
0.86,0.34,-0.00953453
0.86,0.36,-0.0100172
0.86,0.38,-0.0104849
0.86,0.4,-0.0109363
0.86,0.42,-0.0113699
0.86,0.44,-0.0117842
0.86,0.46,-0.0121776
0.86,0.48,-0.0125484
0.86,0.5,-0.0128944
0.86,0.52,-0.0132138
0.86,0.54,-0.0135041
0.86,0.56,-0.0137629
0.86,0.58,-0.0139874
0.86,0.6,-0.0141747
0.86,0.62,-0.0143213
0.86,0.64,-0.0144238
0.86,0.66,-0.0144779
0.86,0.68,-0.0144792
0.86,0.7,-0.0144226
0.86,0.72,-0.0143025
0.86,0.74,-0.0141126
0.86,0.76,-0.0138456
0.86,0.78,-0.0134934
0.86,0.8,-0.0130466
0.86,0.82,-0.0124946
0.86,0.84,-0.0118253
0.86,0.86,-0.0110243
0.86,0.88,-0.0100755
0.86,0.9,-0.00895976
0.86,0.92,-0.00765536
0.86,0.94,-0.00613719
0.86,0.96,-0.00437679
0.86,0.98,-0.0023425
0.86,1,0
0.88,0,0
0.88,0.02,-0.000529711
0.88,0.04,-0.00105887
0.88,0.06,-0.00158691
0.88,0.08,-0.00211328
0.88,0.1,-0.00263741
0.88,0.12,-0.00315871
0.88,0.14,-0.00367658
0.88,0.16,-0.00419042
0.88,0.18,-0.00469959
0.88,0.2,-0.00520342
0.88,0.22,-0.00570124
0.88,0.24,-0.00619233
0.88,0.26,-0.00667593
0.88,0.28,-0.00715125
0.88,0.3,-0.00761745
0.88,0.32,-0.00807365
0.88,0.34,-0.0085189
0.88,0.36,-0.00895219
0.88,0.38,-0.00937245
0.88,0.4,-0.00977853
0.88,0.42,-0.0101692
0.88,0.44,-0.0105431
0.88,0.46,-0.0108988
0.88,0.48,-0.0112347
0.88,0.5,-0.0115492
0.88,0.52,-0.0118404
0.88,0.54,-0.0121063
0.88,0.56,-0.0123446
0.88,0.58,-0.0125531
0.88,0.6,-0.012729
0.88,0.62,-0.0128693
0.88,0.64,-0.0129709
0.88,0.66,-0.0130302
0.88,0.68,-0.013043
0.88,0.7,-0.0130048
0.88,0.72,-0.0129107
0.88,0.74,-0.0127547
0.88,0.76,-0.0125303
0.88,0.78,-0.0122301
0.88,0.8,-0.0118454
0.88,0.82,-0.0113661
0.88,0.84,-0.0107807
0.88,0.86,-0.0100755
0.88,0.88,-0.00923437
0.88,0.9,-0.00823839
0.88,0.92,-0.00706504
0.88,0.94,-0.00568777
0.88,0.96,-0.00407556
0.88,0.98,-0.00219281
0.88,1,0
0.9,0,0
0.9,0.02,-0.000459099
0.9,0.04,-0.000917732
0.9,0.06,-0.00137543
0.9,0.08,-0.00183172
0.9,0.1,-0.00228612
0.9,0.12,-0.00273814
0.9,0.14,-0.00318729
0.9,0.16,-0.00363303
0.9,0.18,-0.00407485
0.9,0.2,-0.00451218
0.9,0.22,-0.00494445
0.9,0.24,-0.00537105
0.9,0.26,-0.00579134
0.9,0.28,-0.00620467
0.9,0.3,-0.00661032
0.9,0.32,-0.00700755
0.9,0.34,-0.00739555
0.9,0.36,-0.00777347
0.9,0.38,-0.00814042
0.9,0.4,-0.00849541
0.9,0.42,-0.00883739
0.9,0.44,-0.00916524
0.9,0.46,-0.00947773
0.9,0.48,-0.00977354
0.9,0.5,-0.0100512
0.9,0.52,-0.0103092
0.9,0.54,-0.0105459
0.9,0.56,-0.0107592
0.9,0.58,-0.0109472
0.9,0.6,-0.0111076
0.9,0.62,-0.0112379
0.9,0.64,-0.0113352
0.9,0.66,-0.0113965
0.9,0.68,-0.0114183
0.9,0.7,-0.0113967
0.9,0.72,-0.0113272
0.9,0.74,-0.0112047
0.9,0.76,-0.0110234
0.9,0.78,-0.0107768
0.9,0.8,-0.010457
0.9,0.82,-0.0100551
0.9,0.84,-0.00956023
0.9,0.86,-0.00895976
0.9,0.88,-0.00823839
0.9,0.9,-0.00737759
0.9,0.92,-0.00635479
0.9,0.94,-0.00514241
0.9,0.96,-0.00370693
0.9,0.98,-0.00200824
0.9,1,0
0.92,0,0
0.92,0.02,-0.000381753
0.92,0.04,-0.000763131
0.92,0.06,-0.00114375
0.92,0.08,-0.00152324
0.92,0.1,-0.00190121
0.92,0.12,-0.00227726
0.92,0.14,-0.00265099
0.92,0.16,-0.00302197
0.92,0.18,-0.00338979
0.92,0.2,-0.00375399
0.92,0.22,-0.00411411
0.92,0.24,-0.00446966
0.92,0.26,-0.00482013
0.92,0.28,-0.00516497
0.92,0.3,-0.00550362
0.92,0.32,-0.00583546
0.92,0.34,-0.00615987
0.92,0.36,-0.00647614
0.92,0.38,-0.00678355
0.92,0.4,-0.0070813
0.92,0.42,-0.00736854
0.92,0.44,-0.00764436
0.92,0.46,-0.00790777
0.92,0.48,-0.0081577
0.92,0.5,-0.00839296
0.92,0.52,-0.0086123
0.92,0.54,-0.00881432
0.92,0.56,-0.00899748
0.92,0.58,-0.0091601
0.92,0.6,-0.00930034
0.92,0.62,-0.00941611
0.92,0.64,-0.00950514
0.92,0.66,-0.00956485
0.92,0.68,-0.00959237
0.92,0.7,-0.00958445
0.92,0.72,-0.00953739
0.92,0.74,-0.00944697
0.92,0.76,-0.00930833
0.92,0.78,-0.00911585
0.92,0.8,-0.00886292
0.92,0.82,-0.00854174
0.92,0.84,-0.00814298
0.92,0.86,-0.00765536
0.92,0.88,-0.00706504
0.92,0.9,-0.00635479
0.92,0.92,-0.00550292
0.92,0.94,-0.00448176
0.92,0.96,-0.00325592
0.92,0.98,-0.00178042
0.92,1,0
0.94,0,0
0.94,0.02,-0.000297424
0.94,0.04,-0.000594564
0.94,0.06,-0.000891135
0.94,0.08,-0.00118685
0.94,0.1,-0.00148142
0.94,0.12,-0.00177454
0.94,0.14,-0.0020659
0.94,0.16,-0.00235521
0.94,0.18,-0.00264211
0.94,0.2,-0.00292629
0.94,0.22,-0.00320739
0.94,0.24,-0.00348504
0.94,0.26,-0.00375885
0.94,0.28,-0.00402842
0.94,0.3,-0.00429331
0.94,0.32,-0.00455307
0.94,0.34,-0.0048072
0.94,0.36,-0.0050552
0.94,0.38,-0.00529649
0.94,0.4,-0.00553049
0.94,0.42,-0.00575655
0.94,0.44,-0.00597398
0.94,0.46,-0.00618202
0.94,0.48,-0.00637987
0.94,0.5,-0.00656662
0.94,0.52,-0.00674132
0.94,0.54,-0.00690291
0.94,0.56,-0.00705022
0.94,0.58,-0.00718197
0.94,0.6,-0.00729673
0.94,0.62,-0.00739294
0.94,0.64,-0.00746884
0.94,0.66,-0.00752247
0.94,0.68,-0.0075516
0.94,0.7,-0.00755374
0.94,0.72,-0.00752602
0.94,0.74,-0.00746517
0.94,0.76,-0.00736741
0.94,0.78,-0.0072283
0.94,0.8,-0.00704265
0.94,0.82,-0.00680421
0.94,0.84,-0.00650548
0.94,0.86,-0.00613719
0.94,0.88,-0.00568777
0.94,0.9,-0.00514241
0.94,0.92,-0.00448176
0.94,0.94,-0.00367988
0.94,0.96,-0.00270128
0.94,0.98,-0.00149688
0.94,1,0
0.96,0,0
0.96,0.02,-0.000205858
0.96,0.04,-0.000411525
0.96,0.06,-0.000616812
0.96,0.08,-0.000821526
0.96,0.1,-0.00102547
0.96,0.12,-0.00122845
0.96,0.14,-0.00143025
0.96,0.16,-0.00163067
0.96,0.18,-0.00182949
0.96,0.2,-0.00202648
0.96,0.22,-0.0022214
0.96,0.24,-0.00241402
0.96,0.26,-0.00260407
0.96,0.28,-0.00279127
0.96,0.3,-0.00297534
0.96,0.32,-0.00315597
0.96,0.34,-0.00333284
0.96,0.36,-0.00350559
0.96,0.38,-0.00367385
0.96,0.4,-0.00383722
0.96,0.42,-0.00399527
0.96,0.44,-0.00414754
0.96,0.46,-0.00429351
0.96,0.48,-0.00443264
0.96,0.5,-0.00456434
0.96,0.52,-0.00468794
0.96,0.54,-0.00480275
0.96,0.56,-0.00490796
0.96,0.58,-0.00500273
0.96,0.6,-0.00508608
0.96,0.62,-0.00515697
0.96,0.64,-0.00521419
0.96,0.66,-0.00525641
0.96,0.68,-0.00528215
0.96,0.7,-0.00528968
0.96,0.72,-0.00527706
0.96,0.74,-0.00524205
0.96,0.76,-0.00518206
0.96,0.78,-0.00509403
0.96,0.8,-0.00497435
0.96,0.82,-0.00481867
0.96,0.84,-0.00462169
0.96,0.86,-0.00437679
0.96,0.88,-0.00407556
0.96,0.9,-0.00370693
0.96,0.92,-0.00325592
0.96,0.94,-0.00270128
0.96,0.96,-0.00201147
0.96,0.98,-0.00113735
0.96,1,0
0.98,0,0
0.98,0.02,-0.000106801
0.98,0.04,-0.000213507
0.98,0.06,-0.000320022
0.98,0.08,-0.00042625
0.98,0.1,-0.000532092
0.98,0.12,-0.000637449
0.98,0.14,-0.000742218
0.98,0.16,-0.000846293
0.98,0.18,-0.000949565
0.98,0.2,-0.00105192
0.98,0.22,-0.00115324
0.98,0.24,-0.00125341
0.98,0.26,-0.00135228
0.98,0.28,-0.00144973
0.98,0.3,-0.00154561
0.98,0.32,-0.00163976
0.98,0.34,-0.00173203
0.98,0.36,-0.00182223
0.98,0.38,-0.00191018
0.98,0.4,-0.00199568
0.98,0.42,-0.00207851
0.98,0.44,-0.00215843
0.98,0.46,-0.0022352
0.98,0.48,-0.00230853
0.98,0.5,-0.00237814
0.98,0.52,-0.00244368
0.98,0.54,-0.00250481
0.98,0.56,-0.00256112
0.98,0.58,-0.00261218
0.98,0.6,-0.00265751
0.98,0.62,-0.00269657
0.98,0.64,-0.00272876
0.98,0.66,-0.00275342
0.98,0.68,-0.00276977
0.98,0.7,-0.00277696
0.98,0.72,-0.00277401
0.98,0.74,-0.00275976
0.98,0.76,-0.00273291
0.98,0.78,-0.00269189
0.98,0.8,-0.00263485
0.98,0.82,-0.00255955
0.98,0.84,-0.00246325
0.98,0.86,-0.0023425
0.98,0.88,-0.00219281
0.98,0.9,-0.00200824
0.98,0.92,-0.00178042
0.98,0.94,-0.00149688
0.98,0.96,-0.00113735
0.98,0.98,-0.000664713
0.98,1,0
1,0,0
1,0.02,0
1,0.04,0
1,0.06,0
1,0.08,0
1,0.1,0
1,0.12,0
1,0.14,0
1,0.16,0
1,0.18,0
1,0.2,0
1,0.22,0
1,0.24,0
1,0.26,0
1,0.28,0
1,0.3,0
1,0.32,0
1,0.34,0
1,0.36,0
1,0.38,0
1,0.4,0
1,0.42,0
1,0.44,0
1,0.46,0
1,0.48,0
1,0.5,0
1,0.52,0
1,0.54,0
1,0.56,0
1,0.58,0
1,0.6,0
1,0.62,0
1,0.64,0
1,0.66,0
1,0.68,0
1,0.7,0
1,0.72,0
1,0.74,0
1,0.76,0
1,0.78,0
1,0.8,0
1,0.82,0
1,0.84,0
1,0.86,0
1,0.88,0
1,0.9,0
1,0.92,0
1,0.94,0
1,0.96,0
1,0.98,0
1,1,0
